__export__.product_template_18254_d636467b|1368377837332|36437234_1922485967814872_5230529860195057664_n.jpg 
__export__.product_template_9703_71ec5702|9786075163239|1874.jpg
__export__.product_template_17862_514a6151|9788425433375|1984.jpg 
__export__.product_template_8051_07923dff|9788484310280|black.jpg 
__export__.product_template_18270_c8bda130|9786077682271|4x4.jpg 
__export__.product_template_18269_f5091104|9786077682622|9786077682622.jpg 
__export__.product_template_18268_c8808223|9786077682714|9786077682714.jpg 
__export__.product_template_18266_534d7f9d|9788415685982|numeros-F225-281-21-673.jpg 
__export__.product_template_18006_4e5cd249|9788415201038|comic600.jpg 
__export__.product_template_12911_eb6ee79b|9788492534999|9788492534999.jpg 
__export__.product_template_7828_9f93ce52|9780440423218|51yYrkksw9L._SY344_BO1,204,203,200_[1].jpg
__export__.product_template_7829_9cfa5d03|9780440423225|9780440423225_p0_v1_s260x420[1].jpg
__export__.product_template_17804_b043f423|2783782237723|tumblr_oi6snaMe091r63yrno1_500.jpg 
__export__.product_template_7862_e6bba433|9786070736636|solas.jpg
__export__.product_template_12770_f88d5231|9786079209148|67de6a_eb22bc5bc99246bba77ff47540170147.jpg 
__export__.product_template_9510_b31741cd|9788484319467|AIDP_Tierras_huecas_01.jpg
__export__.product_template_12647_a3f6de11|9788498143072|angelw.jpg 
__export__.product_template_18201_6e4479c8|9788415163398|Aa1.jpg
__export__.product_template_18200_2b7d0e3f|9788415163930|AA2.jpg 
__export__.product_template_18199_a1d676c5|9788415685371|Aa3fp.jpg 
__export__.product_template_18198_48ecc413|9788415685791|aa.jpg
__export__.product_template_9709_0fbb8566|9786077534105|port-ABANICO-lo[1].jpg
__export__.product_template_8052_63e4d82e|9788467906653|absolute+planetary.jpg 
__export__.product_template_17957_d1366f86|2283548252728|18698539_1384807934946392_5144940016594673351_n.jpg
__export__.product_template_12882_44943f86|9786077972068|image_1165_1_210325.jpg 
__export__.product_template_17948_36d45af8|9788478338320|16999163_1294349417325578_3134408933950689487_n.jpg 
__export__.product_template_18111_5da787e6|9788415163107|9788415163107+blac+diamond.jpg 
__export__.product_template_17931_80e7324d|9789871255504|9789871255504[1].jpg
__export__.product_template_9711_db4da15d|9786077534198|31VNQOo6TtL._SL160_[1].jpg
__export__.product_template_17949_6b9e7892|9788416400058|9788416400058.jpg
__export__.product_template_8054_642b02cf|9788498143591|Akira+1.jpg 
__export__.product_template_8055_6db12a63|9788498144161|Akira+2.jpg 
__export__.product_template_8056_57961055|9788498144178|Akira+3.jpg
__export__.product_template_8057_290ac97f|9788498144185|Akira+4.jpg 
__export__.product_template_8058_78622fb5|9788498144192|Akira+5.jpg 
__export__.product_template_8053_78d18030|9788498144208|Akira+6.jpg 
__export__.product_template_7957_54b134a3|9786075480206|32313375_1663981923686127_4654186343318945792_n.jpg 
__export__.product_template_17945_2d9bc088|9786079209575|18342252_1369257996501386_4331947185769154033_n.jpg 
__export__.product_template_18202_e0081ed3|9788415685630|alabasterportada.jpg
__export__.product_template_12905_80e95a99|9788492534098|9788492534098.jpg
__export__.product_template_9627_a95cf9fe|9788467904390|alef-thau-integral-vol-1-de-2-9788467904390.jpg
__export__.product_template_9625_55bb2a2f|9788467906028|alef-thau-integral-vol-2-9788467906028.jpg
__export__.product_template_12899_f78cb8a9|9788416677115|poridentidad.jpg
__export__.product_template_7678_a95e7bf6|9788496867635|alicia-en-el-pais-de-las-maravillas-9788496867635.jpg 
__export__.product_template_7679_f39d2e65|9788496867802|alicia-atrves.espejo.jpg 
__export__.product_template_9588_bc28d143|9788467916942|01285000201_g.jpg
__export__.product_template_9587_9e8b661a|9788467916157|01285000101_g.jpg
__export__.product_template_12925_87521608|9786078205103|turicatas.jpg
__export__.product_template_18214_995cf80f|9788416251278|almondigasdelespacio.jpg 
__export__.product_template_7878_a1afdc3e|9788492865635|70050020121011155223portada-ALOHA-D.jpg
__export__.product_template_8059_79d9864a|9788467905120|01203444801_g.jpg 
__export__.product_template_9602_9cf45632|9788484313762|ana+de+la+jungla+venta+mexico+01205301001_g.jpg 
__export__.product_template_17869_22084e7a|9788425433412|Confucio.jpg 
__export__.product_template_18412_3c3b9963|9788416880287|andaluchinasporelmundo.jpg 
__export__.product_template_18206_5c33c874|9788415685692|andanzasdeunhombreenpijama.jpg 
__export__.product_template_18385_d2ce9622|9789709430226|w-200_img_20171225_0001[1].jpg 
__export__.product_template_8151_0800c662|9788498479874|venta+en+mexico+enki+bilal+animal-z-9788498479874.jpg 
__export__.product_template_9626_1a0a726c|9788467902013|antes+del+incal01800303601_g.jpg
__export__.product_template_12831_8f4c9bdb|9788492458639|9788492458639.jpg 
__export__.product_template_12830_6e1b096c|9788415296935|AntologiaGhibli2b.jpg 
__export__.product_template_12733_0c13a8ed|9788467925234|AN�BALCINCO.jpg 
__export__.product_template_8030_03e47fed|9788891203380|9788891203380.jpg 
__export__.product_template_18001_95c0dbeb|9788496706781|9788496706781.jpg 
__export__.product_template_18000_7a08a054|9788415932192|cubierta-stan-lee.jpg 
__export__.product_template_7776_4d7d11f1|9788496722996|libro_1327249282.jpg 
__export__.product_template_18411_8018bc25|9788416880355|archivosestelares.jpg
__export__.product_template_7880_67f2cffd|2749522233837|cafeteriadeloshorrores.jpg
__export__.product_template_18443_b738fcf9|9788493508845|9788493508845.jpg 
__export__.product_template_18363_5ffafdae|9788496815391|arrugas.jpg 
__export__.product_template_17925_bebcdbf5|9788416167630|ARSENE_1.jpg 
__export__.product_template_17827_978f36bb|9781582409030|marc_silvestri.jpg
__export__.product_template_17823_ccf11e4a|9781582409047|marc_silvestri.jpg
__export__.product_template_18251_b64d2809|8575177682981|9786077682981.jpg 
__export__.product_template_9915_8f880893|9788467906165|01800320101_g.jpg
__export__.product_template_12519_59c3113f|9788467914702|01203448101_g.jpg 
__export__.product_template_7793_e20b38e1|9788434567238|51tSl1rpnHL.jpg 
__export__.product_template_7783_30bd6066|9788434567221|04gb.jpg
__export__.product_template_7802_c35518ba|9788434567429|9788434567429[1].jpg
__export__.product_template_7798_b8dc6a98|9788434567245|9788434567245.jpg
__export__.product_template_12817_36a0e8c7|9780785148906|A9780785148906.jpg 
__export__.product_template_17903_ccea02be|9788484492931|9788484492931.jpg 
__export__.product_template_17902_5a0704ba|9788484494379|9788484494379.jpg 
__export__.product_template_17911_07f00e2c|9788484494409|astroboy5.jpg 
__export__.product_template_17910_2434384d|9788484495079|astroboy7.jpg 
__export__.product_template_17909_4644c9e7|9788484496304|astroboy8.jpg 
__export__.product_template_17908_8a1697cc|9788484496311|astroboy9.jpg
__export__.product_template_7809_4ee05162|9788469602485|9788469602485.jpg 
__export__.product_template_7801_f9a8abcc|9788434567382|9788434567382[1].jpg
__export__.product_template_7800_f8538817|9788434567351|9788434567351_G[1].jpg
__export__.product_template_7782_b39b5e38|9788434567283|Asterix+legionario.jpg
__export__.product_template_7796_9d8d29d1|9788434567269|asterix+en+breta%C3%B1a.jpg 
__export__.product_template_7789_55d50aaf|9788434567320|14es.jpg
__export__.product_template_7810_27c0c04f|9788469602614|9788469602614.jpg 
__export__.product_template_7786_4dd96e58|9788434567320|14es.jpg
__export__.product_template_7818_43bf9557|9788469620380|9788469620380.jpg 
__export__.product_template_7813_8d8910f9|9788434567849|9788434567849.jpg 
__export__.product_template_7795_1a8a6498|9788434567207|asterix+la+hoz+de+oro.jpg 
__export__.product_template_7815_33fdd9cf|9788434567085|9788434567085.jpg
__export__.product_template_7785_9ac3cb92|9788434567306|12es.jpg
__export__.product_template_7799_456b0926|9788434567313|61GbMvpDGXL._SX258_BO1.jpg
__export__.product_template_7805_85f4f3c1|9788469602799|h7es.jpg
__export__.product_template_7820_62b71b48|9788434565630|9788434565630-es.jpg
__export__.product_template_7803_b3107365|9788434567214|9788434567214_G[1].jpg
__export__.product_template_7794_ccbca77f|9788434567276|9788434567276.jpg
__export__.product_template_7804_75089e90|9788421679111|o-ASTERIX-570.jpg
__export__.product_template_7790_d34384bb|9788434567375|asterix+el+adivino.jpg 
__export__.product_template_7797_a077527e|9788434567252|07es.jpg
__export__.product_template_7784_8e29ff29|9788434567290|asterix+escudo+arverno.jpg 
__export__.product_template_7814_51e01c5a|9788434568273|9788434568273.jpg 
__export__.product_template_7819_aff6f8a5|9788469604687|9788469604687.jpg
__export__.product_template_7791_2ad80d1b|9788434567399|asterix+el+regalo+del+cesar.jpg 
__export__.product_template_7787_11edac2a|9788434567337|images.jpg
__export__.product_template_7792_0fa7729d|9788434567405|ASTERIX+LA+GRAN+TRAVES%C3%8DA.jpg 
__export__.product_template_7788_d17ca343|9788434567344|la+residencia+de+los+dioses.jpg 
__export__.product_template_7817_a4303bb9|9788434508156|9788434508156.jpg 
__export__.product_template_7807_becdfce5|9788434567368|9788434567368.jpg 
__export__.product_template_7816_a6b455a7|9788434504011|9788434504011.jpg 
__export__.product_template_9723_2854c1b6|9786077781035|7519921[1].jpg
__export__.product_template_7702_d067adb8|9786077781370|51K0PVU3WZL._SS500_.jpg 
__export__.product_template_18351_64ac49dd|9788416251926|asylum.jpg
__export__.product_template_17863_af5e2766|9788425427312|asi-hablo-zaratustra-el-manga-9788425427312.jpg 
__export__.product_template_7964_bf55d7b0|9786075281889|38041892_1835211659906015_1950285275485700096_n.jpg 
__export__.product_template_7963_7cefaaf0|9786075282466|38085410_1835206029906578_5092447658061070336_n.jpg 
__export__.product_template_7895_3936e424|97814012425410|11059772_997255927004711_3350999644521099147_n.jpg
__export__.product_template_7894_584a69d7|97814012425410|11059772_997255927004711_3350999644521099147_n.jpg
__export__.product_template_7893_ba57afbe|9781401242541|ataque-de-los-titanes-vol-345-nuevos-panini-530101-MLM20259382458_032015-O.jpg 
__export__.product_template_7883_784f9b5e|97814012425410|11059772_997255927004711_3350999644521099147_n.jpg
__export__.product_template_7892_6c2a5b69|97814012425410|11059772_997255927004711_3350999644521099147_n.jpg
__export__.product_template_7891_fe54d9f0|97814012425410|11059772_997255927004711_3350999644521099147_n.jpg
__export__.product_template_7890_3a0cd7d9|97814012425410|11059772_997255927004711_3350999644521099147_n.jpg
__export__.product_template_7889_0e2491f6|97814012425410|11059772_997255927004711_3350999644521099147_n.jpg
__export__.product_template_7888_32d530c7|97814012425410|11059772_997255927004711_3350999644521099147_n.jpg
__export__.product_template_18033_7fcd4a81|9788492902972|32914186_1736662179760964_1078528419022503936_n.jpg 
__export__.product_template_18109_cb3837b5|9788415163497|Athos+en+America.jpg
__export__.product_template_8000_15941cee|9786075486970|QATOM001_0[1].jpg 
__export__.product_template_8061_fb7c93d3|9788498142167|01203415601_g.jpg
__export__.product_template_12944_6e3d987f|7503018249179|33420898_1741794132581102_1186352615210876928_n.jpg 
__export__.product_template_12943_585fe46d|75030182498030|la-promesa-parte-2-1-638.jpg
__export__.product_template_12962_e3db305a|75030182519120|la-promesa-parte-3-1-638.jpg 
__export__.product_template_18425_5b849643|9788416880126|aventurasdeunoficinistajapones.jpg 
__export__.product_template_12839_3d0071ae|75243540213|aventurasenmascaradas7.jpg
__export__.product_template_12841_c3ea43fc|752435402984|aventurasenmascaradas6.jpg
__export__.product_template_12837_2986f012|7524354028911|aventurasenmascaradas9.jpg
__export__.product_template_12836_9526d919|7524354028910|aventurasenmascaradas10.jpg
__export__.product_template_12843_b919aaec|752435402816|aventurasenmascaradas4.jpg
__export__.product_template_12838_8a20a82e|75243540289|aventurasenmascaradas8.jpg
__export__.product_template_12835_3d0c22a0|7524354028976|aventurasenmascaradas11.jpg
__export__.product_template_12847_ae4b89ff|752435402820|aventurasenmascaradas.jpg
__export__.product_template_12845_40ffeb1d|7524354028918|aventurasenmascaradas2.jpg
__export__.product_template_12848_e5bbc187|750316120012|w-200_haxa-numero_22.jpg 
__export__.product_template_12844_5caefaf4|752435402817|aventurasenmascaradas3.jpg
__export__.product_template_12846_94bc329a|752434402819|aventurasenmascaradas1.jpg
__export__.product_template_12842_e228dc9e|752435402815|aventurasenmascaradas5.jpg
__export__.product_template_12834_444aff96|7503016120005|aventurasenmascaradas12.jpg
__export__.product_template_18438_42043684|9786077458821|avandarolahistoriajamas.jpg
__export__.product_template_8069_7cce322e|9788498470352|aya+de+yopougon.jpg 
__export__.product_template_8070_14a93144|9788498475319|5869034771_6285236aeb.jpg 
__export__.product_template_8071_261e8053|9788498475760|aya3.jpg
__export__.product_template_8072_c781e731|9788467901313|01200602401_g.jpg
__export__.product_template_8073_538f4a67|9788467904925|Aya de Yopougon 5 (Norma, 2011), de Marguerite Abouet y Clément Oubrerie.jpg
__export__.product_template_8074_05c6eb88|9788467902907|Aya-de-Yopougon-Tome-6.jpg 
__export__.product_template_18032_1386680c|9788416507351|descarga.jpg 
__export__.product_template_18077_a6b060c1|2985265253936|23794776_1118943651576022_2288495479499730095_n.jpg
__export__.product_template_7718_6fed222d|9788415601067|traven.jpg 
__export__.product_template_9575_1b67a109|9788467916645|1974390_902404243156388_8337223383784561179_o.jpg
__export__.product_template_9922_74d659e0|9788467913767|9788467913767[1].jpg
__export__.product_template_9921_dcda3d42|9788467907049|9788467907049[1].jpg
__export__.product_template_9920_d7519069|9788467900996|9788467900996[1].jpg
__export__.product_template_12983_52804da4|9788416243037|Bt08.jpg 
__export__.product_template_12982_473c6883|9788416243280|Bt09.jpg 
__export__.product_template_12976_93f999d2|9788416040438|BT1.jpg 
__export__.product_template_12981_09863e50|9788416243587|bt10.jpg 
__export__.product_template_12984_912cb734|9788416243815|Bt11remix.jpg
__export__.product_template_12980_909a3e97|9788416352043|btooom12.jpg 
__export__.product_template_12979_72e38060|9788416352272|bt13.jpg 
__export__.product_template_12978_ab53435b|9788416352500|12294881_1014649901931821_1112578274630885104_n.jpg
__export__.product_template_12977_47a6eafc|9788416426737|Btooom15.jpg 
__export__.product_template_12975_75684466|9788416040759|bt2.jpg 
__export__.product_template_12974_45aa85ed|9788416040919|BTM3.jpg 
__export__.product_template_12973_d9802e34|9788416150137|BTM4.jpg 
__export__.product_template_12972_c7900958|9788416150304|BTM5.jpg 
__export__.product_template_12971_06e5f50f|9788416150557|9788416150557.jpg 
__export__.product_template_12970_fbf08b8f|9788416150823|71agvXm5KcL.jpg 
__export__.product_template_17813_1989db0f|8253746222501|tumblr_oi6sueqq4R1r63yrno1_540.jpg 
__export__.product_template_17812_3213cfdf|8253746222502|tumblr_oi6sueqq4R1r63yrno4_1280.jpg 
__export__.product_template_17811_04067e61|8253746222503|tumblr_oi6sueqq4R1r63yrno2_1280.jpg 
__export__.product_template_17810_60c606c4|8253746222504|tumblr_oi6sueqq4R1r63yrno3_540.jpg 
__export__.product_template_7780_13c43e8b|9788496722873|9788496722873.jpg 
__export__.product_template_18209_e1c08877|9788415685111|baco1.jpg 
__export__.product_template_18208_581de39a|9788415685456|baco2.jpg
__export__.product_template_18207_21c96d68|9788415685838|baco3.jpg
__export__.product_template_18444_30a1cfff|9788416251391|Baco4.jpg 
__export__.product_template_8084_a74d8322|9788467908220|bakuman-vol-10-9788467908220.jpg 
__export__.product_template_8085_4beae5f8|9788467909036|bakuman11.jpg 
__export__.product_template_8068_c3bff00b|9788467909791|bakuman-13-9788467909791.jpg 
__export__.product_template_8075_dbdb1b7b|9788467910704|bakuman-vol-14-9788467910704.jpg 
__export__.product_template_8076_d7be4428|9788467903034|bakuman.jpg 
__export__.product_template_8077_e18795cc|9788467904055|bakuman3.jpg 
__export__.product_template_8078_b61b4183|9788467904536|bakuman4.jpg 
__export__.product_template_8080_49f22c65|9788467905427|bakuman5.jpg 
__export__.product_template_8081_8be2cbd2|9788467905854|bakuman6.jpg 
__export__.product_template_8082_3fa751ef|9788467906097|Bakuman-vol-7-9788467906097.jpg 
__export__.product_template_8083_e457e887|9788467906745|bakuman8.jpg 
__export__.product_template_8079_d1ed26a5|9788467907780|bakuman-vol-9-9788467907780.jpg
__export__.product_template_17860_ab392df0|9788475175195|oscar+wilde.jpg 
__export__.product_template_17879_48fad2a9|9786077682912|18424994_1466865896710217_7343786324177175968_n.jpg 
__export__.product_template_9918_331a7a57|9788467907247|9788467907247[1].jpg
__export__.product_template_9916_7a26105f|9788467908923|01203441401_g.jpg
__export__.product_template_9917_301adb9c|9788467911978|9788467911978[1].jpg
__export__.product_template_9577_eb081c43|9788467916652|9788467916652.jpg
__export__.product_template_12574_22427c95|9788467920420|01203454301_g.jpg 
__export__.product_template_12681_7e322eb9|9788467926675|978846792667501_g.jpg 
__export__.product_template_7850_40f67fbe|9781910856161|barrio_lejano.jpg
__export__.product_template_18352_3026f73e|9788416251858|basura.jpg
__export__.product_template_18057_8107f1fd|9781401204259|batman+.jpg 
__export__.product_template_18076_a3ccec0b|9781401246020|91vdyPbFhLL.jpg
__export__.product_template_18079_5602571e|9781401233792|STK460801.jpg
__export__.product_template_18080_91483043|9781401235369|STK462399.jpg
__export__.product_template_18081_44e25cbd|9781401237219|dc-comics-batman-knightfall-tpb-3.jpg 
__export__.product_template_12522_71169302|9788484310389|9788484310389.jpg
__export__.product_template_7756_f8b16d91|10722707477|29791941_1626693897414930_8897435498566385664_n.jpg 
__export__.product_template_18058_6121e96e|9781401231842|batman+planetary.jpg 
__export__.product_template_18059_3bbaf9d0|9781563893421|batman+the++dark+knight+returns.jpg 
__export__.product_template_18060_0033baf7|9781563899294|The-Dark-Knight-Strikes-Again-9781563899294.jpg 
__export__.product_template_18061_59884158|9781401216672|Batman+The+Killing+Joke.jpg 
__export__.product_template_7827_12fe4586|9788439722021|9788439722021.jpg 
__export__.product_template_18308_5e0188f7|9788415685746|13934788_1184344294962380_5188590973072247983_n.jpg 
__export__.product_template_18389_80b58053|9788416251728|bellamuerte2.jpg 
__export__.product_template_18302_b6660d5e|9788415685357|beowulf.jpg 
__export__.product_template_18110_f9672cfe|9788496815742|berlin2.jpg
__export__.product_template_18144_8777fc13|9788493538590|portada1.jpg
__export__.product_template_8087_0c8056bc|9788467903331|berserker-9788467903331.jpg 
__export__.product_template_12617_c436c3b4|9788467901344|01203432601_g.jpg 
__export__.product_template_7944_5eee0e25|9786075286976|9786075286976.jpg 
__export__.product_template_7743_f1de362b|9788415601210|bhimayana.jpg 
__export__.product_template_12524_747fb322|9788467915174|9788467915174.jpg 
__export__.product_template_7729_7fea9b7f|9789687723600|9789687723600[1].jpg
__export__.product_template_8039_de44ed64|9786075289083|29791044_1692902750803574_2467321803449573478_n.jpg 
__export__.product_template_18031_67c5c939|9788415850564|9788415850564.jpg 
__export__.product_template_7941_ab9abd6f|9786075287089|9786075287089.jpg 
__export__.product_template_18410_47b48c5f|9788416880218|blackhammer.jpg 
__export__.product_template_18449_cf8e41d4|9788416880546|blackhammer2.jpg
__export__.product_template_17898_7d1fbaf1|9788483577134|w-200_black_jack_glenat_2006_14.jpg 
__export__.product_template_17915_4d223ed5|9788483577158|w-200_black_jack_glenat_2006_16.jpg 
__export__.product_template_17913_df43302b|9788483577165|w-200_black_jack_glenat_2006_17.jpg 
__export__.product_template_17918_dc3270ff|9788483571194|blackjack4.jpg
__export__.product_template_17917_8b18b243|9788483571200|blackjack----------------------5.jpg
__export__.product_template_17916_9348f852|9788483572924|blackjack6.jpg
__export__.product_template_17907_78f44749|9788483573334|blackjack7.jpg 
__export__.product_template_17912_dd731e28|9788483573686|19424540_1418332428260609_1401134317251846872_n.jpg 
__export__.product_template_17897_f19812f0|9788483577141|blackjack978848357714.jpg
__export__.product_template_17906_6516eb49|9788484499985|12651151_978120658948457_4660728936363323964_n.jpg 
__export__.product_template_17905_4d9f098f|9788484499992|12669634_1048191968577614_4801982000805181425_n.jpg
__export__.product_template_12682_1eb8c3df|9788467906417|01406006501_g.jpg 
__export__.product_template_7698_0cf92ff4|9781401240356|9781401233358blackorchid.jpg
__export__.product_template_17979_71334b97|9786078205202|19225722_1409082692518916_52087056146298086_n.jpg 
__export__.product_template_8088_2cb1a828|9788484312451|01203406801_g.jpg
__export__.product_template_8089_540479cc|9788484317326|206_001.jpg
__export__.product_template_8090_0040ea8a|9788498144222|01203417701_g.jpg
__export__.product_template_8091_80a14e27|9788467903010|01203434601_g.jpg
__export__.product_template_9919_8a1d8f2a|9788467914252|9788467914252[1].jpg
__export__.product_template_12528_7c9889c9|9788467917918|01203450701_g.jpg
__export__.product_template_7956_2db82b16|9786075289823|30688547_1632850040132649_8106142032600236032_n.jpg
__export__.product_template_7999_615a1180|9786075482460|QBLAD003_0[1].jpg 
__export__.product_template_7998_1b7e82fd|9786075483870|QBLAD004_0[1].jpg 
__export__.product_template_7997_13812ad1|9786075485010|QBLAD005_0[1].jpg 
__export__.product_template_7995_f7629c12|9786075486642|QBLAD006_0[2].jpg 
__export__.product_template_12659_1fa5f91c|9788496370265|trampadiabolica00.jpg
__export__.product_template_12656_fa6bfed1|9788467915136|9788467915136.jpg 
__export__.product_template_18213_a19665fd|9788493522957|blankets.jpg 
__export__.product_template_18029_15ff7c4d|9788492902842|978849290284.jpg 
__export__.product_template_18030_29bfaeac|9788492902781|9788492902781.jpg 
__export__.product_template_9553_05b27761|9788498146073|12522968_967859403307916_964311437977910159_n.jpg
__export__.product_template_12642_86a946d8|9788498146066|blueb21.jpg 
__export__.product_template_12640_ea271b0d|9788498141658|blub22.jpg 
__export__.product_template_12639_b9cf0cd1|9788484316800|blueb23.jpg 
__export__.product_template_12638_16f638dc|9788496325746|blueb24.jpg 
__export__.product_template_12637_95dc3f75|9788484316350|BLUEBERRY31.jpg
__export__.product_template_9569_004e2bd0|9788484315650|blueberry-01-la-mina-del-aleman-perdido-9788484315650.jpg
__export__.product_template_9557_1e0ff88b|9788484315674|Blue10.jpg 
__export__.product_template_9554_f589f3f7|9788484319092|Blue11.jpg
__export__.product_template_9568_802f3d17|9788484315667|Blue2.jpg 
__export__.product_template_9567_599d3f57|9788484316756|blueberry-03-el-caballo-de-hierro-9788484316756.jpg 
__export__.product_template_9565_bc1551b5|9788484316763|Blue4.jpg
__export__.product_template_9563_3cfdced8|9788484316770|blue5.jpg
__export__.product_template_9561_8b7a7d0f|9788484316374|Blue6.jpg 
__export__.product_template_9560_e6df411f|9788498144734|Blue7.jpg 
__export__.product_template_9924_40f8b0c4|9788498141542|Blue8.jpg
__export__.product_template_9925_dcce219f|9788498141634|Blue9.jpg
__export__.product_template_12668_592b2b1d|9788498149005|983910_1328892213871298_7017735038786882316_n.jpg 
__export__.product_template_12631_a7ea6b5f|9788484316794|61yjq7SXdCL._SX361_BO1,204,203,200_.jpg
__export__.product_template_12630_438f47f5|9788498144765|9788498144765.jpg 
__export__.product_template_12645_2f334e2c|9788498141641|01010001901_g.jpg
__export__.product_template_12643_fbb89f34|9788498144772|01010002001_g.jpg
__export__.product_template_12669_fc61b353|9788484315698|519QkIIXCdL.jpg 
__export__.product_template_12670_4db20778|9788484314103|9788484314103-es.jpg 
__export__.product_template_12671_440927a6|9788484312468|01010003501_g.jpg 
__export__.product_template_12672_3c61cb9b|9788484319047|01010003601_g.jpg 
__export__.product_template_12673_12b404b5|9788484310440|01010003801_g.jpg 
__export__.product_template_12679_23dc03cc|9788484312239|9788484312239.jpg
__export__.product_template_12674_e39dc03b|9788484319030|01010004201_g.jpg 
__export__.product_template_12651_b231a934|9788484319771|01010004301_g.jpg
__export__.product_template_12675_5ebdd0ab|9788498144727|01010004501_g.jpg 
__export__.product_template_9740_5e93bd00|9788467921021|9788467921021.jpg 
__export__.product_template_12680_1dcd6463|9788467923834|978846792383401_g.jpg 
__export__.product_template_12697_b6128301|9788498470017|01324500101_g.jpg 
__export__.product_template_18063_2dee180d|9788416677658|27332303_1623925494367967_6645293350315112120_n.jpg 
__export__.product_template_18400_4a7ea5e4|9789585812420|GARRITAELCANALLA.jpg
__export__.product_template_18399_e4780ea5|9789585731356|descarga (7).jpg 
__export__.product_template_18402_a8f39080|97895889699435|bolitadepelo-1.jpg
__export__.product_template_12769_41df30fd|9788467929546|978846792954601_g.jpg 
__export__.product_template_18120_94094758|9788492769476|Bone1.jpg
__export__.product_template_18114_61935cf2|9788492769520|bone2.jpg 
__export__.product_template_18115_5bbfe55f|9788492769605|bone+3+venta+comics+mexico.jpg 
__export__.product_template_18116_68e48a7e|9788492769612|BONE4+VENTA+COMICS+MEXICO.jpg 
__export__.product_template_18117_de68f08c|9788492769858|bone5+venta+comic+mexico+df.jpg 
__export__.product_template_18113_a0db75e1|9788492769865|bone_6_venta+comics+mexico.jpg 
__export__.product_template_18118_83f28d8a|9788415163008|bone+7+venta+comics+tienda+mexico.jpg 
__export__.product_template_18119_a87ced17|9788415163015|bone-n-8-buscadores-de-tesoros-edicion-de-bolsillo-9788415163015.jpg 
__export__.product_template_18112_239bfde8|9788415163213|BONE-09-BOLSILLO-LA-CORONA-DE-CUERNOS-i1n5021555.jpg 
__export__.product_template_18398_600e537b|9788416880102|9788416880102.jpg 
__export__.product_template_18161_56cd3058|9788415163718|9788415163718[1].jpg
__export__.product_template_8094_208c6c58|9788467908091|bouncer+venta+comics+mexico1.jpg 
__export__.product_template_18007_47cb60f2|9788492458103|9788492458103.jpg 
__export__.product_template_18008_6c62ff47|9788492458424|BKD.jpg 
__export__.product_template_18083_db681455|9786077972129|l9786077972129.jpg 
__export__.product_template_8095_191f6d42|9788467907896|broken-trinity-la-caja-de-pandora-9788467907896+venta+comics+mexico.jpg 
__export__.product_template_18247_57960f16|282286525673|hardcover_Buba-Volumen2-FORROS01.jpg 
__export__.product_template_7722_c2f99170|9781932234565|tumblr_inline_muouoobduo1s08red.jpg
__export__.product_template_7723_ce04072e|9781932234572|51M24NVQK1L._SX258_BO1,204,203,200_.jpg
__export__.product_template_7724_baa180b6|9781932234589|Buda3.jpg 
__export__.product_template_7725_c44ecbeb|9781632234596|15149-2.jpg 
__export__.product_template_7726_4c93462d|9781932234602|9781932234602_p0_v4_s260x420.jpg 
__export__.product_template_7727_04b83699|9781932234619|9781932234619.jpg 
__export__.product_template_7728_a6de7952|9781932234633|book_buddhaPB8.jpg
__export__.product_template_17950_8d07e4e3|9788415724797|9788415724797.jpg 
__export__.product_template_18121_1146bf6c|9788496815902|bunuel-en-el-laberinto-de-las-tortugas-9788496815902.jpg 
__export__.product_template_9739_f252ba19|9788415601012|9788415601012[1].jpg
__export__.product_template_17856_1f2f4ed2|9789874619440|Byron.jpg 
__export__.product_template_17838_82a9b93c|9781600102103|gvo+venta+comics.jpg 
__export__.product_template_18275_62e80e57|9788415685968|9788415685968.jpg
__export__.product_template_12704_9737771e|9788498145472|01101810101_g.jpg
__export__.product_template_17836_fd4475c8|9781600102035|CSI+VENTA+MEXICO+DF+TIENDA+CONDESA.jpg 
__export__.product_template_18194_21628538|9788492769629|9788492769629[1].jpg 
__export__.product_template_18253_758bb921|222677835867|36387746_1922471331149669_8983093243986051072_n.jpg
__export__.product_template_9741_1e567a9e|9786077682080|9786077682080[1].jpg
__export__.product_template_18435_9309942b|2228872686564|CACTUS.jpg 
__export__.product_template_7766_9afcc273|9789685592550|9789685592550.jpg 
__export__.product_template_18122_711acff4|9788496815629|cafe-budapest-9788496815629+venta+comics+mxico+tienda+distrito+federal.jpg 
__export__.product_template_8096_4749c975|9788479046002|cages.jpg 
__export__.product_template_17884_26c2b6df|9788416540990|ac9a7a010728bcd4cb468b37bdb864fd.jpg 
__export__.product_template_18359_e92048d3|9788415685678|19224843_1409007775859741_416563416052524163_n.jpg
__export__.product_template_12548_3a549fa9|9788467912463|9788467912463.jpg 
__export__.product_template_8101_c7ea41a1|9788496325630|caparazones+venta+comics+tienda+condesa+mexico+df.jpg 
__export__.product_template_12695_274f3893|9788467922813|978846792281301_g.jpg 
__export__.product_template_12694_edec85f5|9788467922820|978846792282001_g.jpg 
__export__.product_template_12660_ac213084|9788467924473|17498867_1315837155176804_2890794287636621375_n.jpg
__export__.product_template_12525_0f2632f0|9788467919288|01203810101_g.jpg 
__export__.product_template_18422_848f8877|9788416251742|carlitosfax.jpg 
__export__.product_template_9581_58833277|9788446791669|01203710101_g.jpg
__export__.product_template_9582_517d313b|9788467917864|Couv_Carthago.jpg 
__export__.product_template_12540_9c85f4d7|9788467918304|12249645_1009413965788748_191810448222494049_n.jpg
__export__.product_template_9629_81db1d9e|9788498473803|castaka0000.jpg
__export__.product_template_9579_c0cd6098|9788467913910|9788467913910.jpg 
__export__.product_template_18123_dc89feb5|9788492769735|castillo++venta+comics+mexico+9788492769735_G.jpg 
__export__.product_template_18124_2d71a220|9788415163633|cenizas+venta+comics+historietas+tienda+9788415163633_G.jpg 
__export__.product_template_18276_13b067fd|9788492769407|9788492769407.jpg 
__export__.product_template_12591_66d25b99|9788484315414|01211500301_g.jpg 
__export__.product_template_17826_206b6efe|9786079436452|che_7.jpg 
__export__.product_template_18064_a88bf4eb|9786079436810|27459896_1746373002092837_4122534934942849846_n.jpg 
__export__.product_template_12734_87322d33|9786079436155|Che-portada-216x300.jpg 
__export__.product_template_7771_ac981159|9788496722736|Chico_y_Rita.jpg
__export__.product_template_18440_374c5696|9786077972112|image_6502.jpg 
__export__.product_template_8104_761a2b48|9788484310006|cieloxx+comic+mexico+venta+tienda.jpg 
__export__.product_template_8105_a2790a36|9788484314929|cieloxx+2+comic+mexico+venta+tienda.jpg 
__export__.product_template_8106_3827b640|9788498145632|cieloxx+3+comic+mexico+venta+tienda.jpg 
__export__.product_template_8107_0c61d72d|9788498145649|cieloxx+4+comic+mexico+venta+tienda.jpg 
__export__.product_template_12776_837c70c2|9788416112845|{00000001-0000-0011-0000-000000629684}-1.jpg
__export__.product_template_17959_00262f10|9788478339181|circo-de-monstruos.jpg 
__export__.product_template_17854_40baa2c0|9789872549190|Ciudad-tapa.jpg 
__export__.product_template_18285_2891dfbf|9788416251087|ciudad.jpg
__export__.product_template_8108_847b01f6|9788498144345|01203403801_tienda+venta+comics+mexicojpg.jpg 
__export__.product_template_8110_3b8c4681|9788467900552|01203433301_g.jpg
__export__.product_template_12811_24a30a98|9780785121794|71hzIk2cmNL.jpg
__export__.product_template_17808_dea4a4b2|26325222452746|tumblr_oi6syxYAlm1r63yrno1_500.jpg 
__export__.product_template_18423_87c7ae5a|9786079209834|colordehormiga.jpg
__export__.product_template_12890_715dd1bc|5664529376726|Comikaze7.jpg
__export__.product_template_12891_81b1685d|2664529376723|Comikaze8.jpg
__export__.product_template_12892_6d51a6ce|26645293767265|Comikaze9.jpg
__export__.product_template_18021_6a1fd1a4|9786077682066|C5c7Z0MVMAACJqf.jpg 
__export__.product_template_9932_7ea808a7|9788484313250|61v1yKQN65L._SL500_AA300_[1].jpg
__export__.product_template_18328_51d22c61|9788416251537|9788416251537.jpg 
__export__.product_template_8109_6cc64b6c|9788484314332|CONCEPTIOS+1+TIENDA+COMICS+VENTA++COMICS+MEXICO+DF+DISTRITO+FEDERAL.jpg 
__export__.product_template_8111_77eae172|9788498471137|Luis+Royo+conceptions+II+venta+mexico+tienda.jpg 
__export__.product_template_8112_dc175f90|9788498142860|conceptions-venta+comic+tienda+mexico+df-9788498142860.jpg 
__export__.product_template_18397_aa0e2465|9788416880232|confesionesdeunhombreenpijama.jpg 
__export__.product_template_12768_9d8f0660|9788467929560|978846792956001_g.jpg 
__export__.product_template_17920_c118624b|98716167210|cubierta_consumido_reimp.jpg
__export__.product_template_9638_4aa90b61|9788498146868|01204301701_g.jpg
__export__.product_template_9609_21bf0462|9788467900101|corto-maltes-la-laguna-de-los-misterios-9788467900101.jpg 
__export__.product_template_8114_71dffa4a|9788498470291|01205302501_g.jpg 
__export__.product_template_9612_00dd122a|9788479046484|tango+mexico+corto+maltes+hugo+pratt+venta+.jpg 
__export__.product_template_9552_141a74a2|978848431406|01200210101_g[1].jpg
__export__.product_template_9598_48eb4342|9788484314073|61Hhl1jp0fL._SX358_BO1.jpg
__export__.product_template_9599_4d6dab35|9788498470239|13239901_1045025228924666_1431364662223253272_n.jpg
__export__.product_template_12603_3d544153|9788467915990|01207711101_g.jpg 
__export__.product_template_12596_349f64b3|9788467920543|13043779_1032238053536717_8333242393310138455_n.jpg 
__export__.product_template_12735_2be673d7|9788467928785|978846792878501_g.jpg 
__export__.product_template_12600_e1fc2036|9788467913897|13103411_1033034906790365_1195407248601386248_n.jpg
__export__.product_template_12601_d753bd9b|9788467904024|La_balada-del_mar_salado.jpg 
__export__.product_template_12602_fe38a350|9788467903362|lejanas_00.jpg 
__export__.product_template_9512_e43e8032|9788467900149|51PqjjYClsL[1].jpg
__export__.product_template_9600_ddf4678a|9788498477870|corto-maltes-las-celticas-9788498477870.jpg 
__export__.product_template_18356_3fb4832c|9788415163565|9788415163565.jpg 
__export__.product_template_12785_ef4f2bf5|9788416830985|32815104_1733819040045278_395405555537018880_n.jpg 
__export__.product_template_18442_ed748cbd|2672733546343|8287704.jpg 
__export__.product_template_18430_9467d86b|9788416251971|cosmonauta.jpg 
__export__.product_template_12832_a0495107|9788492458776|12295240_943234992437024_6335205582647606461_n.jpg 
__export__.product_template_17801_8d42f813|9789688678220|crimen_16.jpg 
__export__.product_template_12886_cec9fd21|9788416540273|crimenycastigo.jpg
__export__.product_template_8040_7753d0f7|9786075286358|29792671_1819140614816075_7586696814560503207_n.jpg 
__export__.product_template_18051_c0c0102c|9786073111034|9786073125345.jpg 
__export__.product_template_18223_f91e1b80|9788415685951|cromaticas.jpg
__export__.product_template_12887_4128896c|9788416540303|criticaderazon.jpg 
__export__.product_template_18307_b555f48d|9788496815667|14080054_1105533272873861_5213505175218446242_n.jpg 
__export__.product_template_12719_79070cd6|262583227661|img001.jpg 
__export__.product_template_12718_c8cb5463|232583227662|CDA2-000-cover-thumb.jpg
__export__.product_template_12717_f971866f|262583227663|CDA3-000-cover-thumb.jpg 
__export__.product_template_12716_ba4e11ae|262583227664|cronicas-de-amaltea-4.jpg
__export__.product_template_17846_59eda757|7500462095918|CF9-00-portada.jpg 
__export__.product_template_17847_ff2860f9|7500462095901|17155504_1302479203179266_297104904804361330_n.jpg
__export__.product_template_18125_f96599a9|9788415163343|cronicas-de-jerusalen-venta+tienda+comics-9788415163343.jpg 
__export__.product_template_7870_f25cfbc7|9788416543809|9788416543809.jpg 
__export__.product_template_7869_e4960a1c|9788416693467|9788416693467.jpg 
__export__.product_template_18347_77b7ec68|9788416251827|cronicasdelahabana.jpg
__export__.product_template_18317_d81fddc5|9788493522933|9788493522933.jpg 
__export__.product_template_18039_079cf470|9788416217892|17991007_1341259672634552_3102582567030748998_n.jpg 
__export__.product_template_9933_6ad1766f|9788498475531|51dTtk-AKtL[1].jpg
__export__.product_template_9934_d6cdc9bc|9788498478495|9788498478495[1].jpg
__export__.product_template_12623_61118378|9788467911459|14192635_1122866187807236_7636733798238888045_n.jpg 
__export__.product_template_18183_93786588|9786079798000|31454067_1715200848573764_5453842543557334642_n.jpg 
__export__.product_template_18450_eb5b855e|9788416880270|cuerdadepresas.jpg
__export__.product_template_12499_de1aa806|9788467904710|9788467904710.jpg 
__export__.product_template_18173_ee30e2e1|2837863532874|tumblr_omh1b4dpIY1r63yrno1_500.jpg 
__export__.product_template_12820_a8393216|28378601|13275930_836182196487662_1478920301_n.jpg
__export__.product_template_12819_f1937d13|28378602|13275691_836182249820990_782804930_n.jpg
__export__.product_template_12818_bb2d420d|28378603|13275837_836182213154327_1764113481_n.jpg
__export__.product_template_17928_be396fad|9788416167067|jd8693.jpg 
__export__.product_template_17929_54740ec9|97884161167937|comics_1994-2016.jpg 
__export__.product_template_7866_79944af2|9788468424811|29793387_1692858590807990_8650125804802285740_n.jpg 
__export__.product_template_18381_437151a2|9788415685999|comicsmanualdeinstrucciones.jpg 
__export__.product_template_12594_8ece4c6e|8498146038|13055519_1031639766929879_1119011435762389020_n.jpg
__export__.product_template_7806_c9bd8cad|9788421683293|9788421683293.jpg
__export__.product_template_12878_06e8346f|9786077972006|NEO.jpg
__export__.product_template_12950_97092d5b|9786077972228|8C8.jpg
__export__.product_template_12877_ef96aba2|19899020320017|14088457_1189976711065805_3307029486395133791_n.jpg 
__export__.product_template_18319_07a24c95|9788496815889|9788496815889.jpg 
__export__.product_template_18163_d84c080e|9788415685227|9788415685227[1].jpg
__export__.product_template_12907_f8643378|9788493538101|dr.jpg 
__export__.product_template_18127_e23f22da|9788415163947|dali-9788415163947.jpg 
__export__.product_template_9751_a47b72e6|9786077781707|daniel[1].jpg
__export__.product_template_12792_5e4b510f|9780785134732|daredevil+1+venta+comics+mexico.jpg 
__export__.product_template_12793_180d350e|9780785134749|daredevil+2+venta+comics+mexico.jpg 
__export__.product_template_12803_8a508657|9780785134756|Dare.jpg 
__export__.product_template_8124_935cea91|9788498147339|dark+labyrinth.jpg 
__export__.product_template_17904_28e4d322|9788499472751|9788499472751-es.jpg 
__export__.product_template_17882_8f460503|9788416763290|f64b36700ceace64137b6ae4daf2b259.jpg 
__export__.product_template_8098_5e5195be|9788498471687|9788498149357_G.jpg 
__export__.product_template_8100_e0da09e6|9788498149920|venta+comic+tienda+mexico+df+9788498149920_M.jpg 
__export__.product_template_8099_c9329a92|9788498149357|venta+comics+mexico+9788498471687_G.jpg 
__export__.product_template_9559_da99bbfa|9788498471694|CAPAYCOLMILLO1290500081.jpg
__export__.product_template_9564_8aab4f5f|9788498474732|7d20f4c52e4d0427c7b0048d3e1f5dd8.jpg 
__export__.product_template_9562_c1e931e7|9788498471700|cyc5_01.jpg
__export__.product_template_8125_44ee066b|9788498471441|dead+moon+venta+en+mexico+distrito+federal+tienda+condesa.jpg
__export__.product_template_12794_713cdb01|9780785148715|Deadpool-Pulp-Benson-Mike-venta+comics+9780785148715.jpg 
__export__.product_template_7986_bbb7ef13|9786075280219|QMDNO001_0.jpg
__export__.product_template_7987_1d40000f|9786075280455|QMDNO003_0.jpg
__export__.product_template_7988_ccd9a60c|9786075280691|QMDNO004_0.jpg
__export__.product_template_18025_5d5feba6|9788415850380|18032999_1341384602622059_1213268903191385472_n.jpg
__export__.product_template_12667_518c7782|9788467920116|9788467920116.jpg 
__export__.product_template_12666_30eaa35f|9788467921618|poridentidad.jpg
__export__.product_template_12665_dc03b9a9|9788467922424|17457735_1317899088303944_7612168469188730324_n.jpg 
__export__.product_template_12664_db50f85a|9788467923902|17554082_1317880998305753_7274358879148650709_n.jpg 
__export__.product_template_12663_713c8830|9788467923919|9788467923919.jpg 
__export__.product_template_18451_8e989003|9788416251780|desastre.jpg
__export__.product_template_18322_f0691a01|9788416251421|9788416251421.jpg 
__export__.product_template_9630_643d322b|9788484312949|despues00.jpg
__export__.product_template_12604_74721c77|9788467900408|01203432201_g.jpg 
__export__.product_template_17987_3f838f4b|9788416581047|Devorar-la-tierra-i1n13099673.jpg 
__export__.product_template_18413_d9913402|9789874164056|Diagnosticos.jpg 
__export__.product_template_9753_137a356a|9788496867376|diario_gde-205x300.jpg
__export__.product_template_12728_7988b854|9788479043360|01202113101_g.jpg 
__export__.product_template_12581_58122992|9788496867987|12112019_922550824505441_2009503676380220838_n.jpg 
__export__.product_template_9752_65cbc505|9788496867413|l-216x300[1].jpg
__export__.product_template_7834_7a6482cd|9788496427617|diariodeunfantasma.jpg
__export__.product_template_17809_744caa2e|3428238723382|tumblr_oi6t55s8AU1r63yrno1_500.jpg 
__export__.product_template_18164_145afa5f|9788415685494|9788415685494[1].jpg
__export__.product_template_12889_a0520f6f|9788416540037|discursodelmetodo1.jpg
